ZeroLevelPlot,Point1 Latitude,Point1 Longitude,Point1 Name,Point2 Latitude,Point2 Longitude,Point2 Name,Point3 Latitude,Point3 Longitude,Point3 Name
ZL0000,11.002068875882083,76.96103442248916,DC000,11.009484153714254,76.9652989142874,FC0000,11.001964332042773,76.96934555291331,FC0001
ZL0001,11.002068875882083,76.96103442248916,DC000,11.001964332042773,76.96934555291331,FC0001,10.99454910455417,76.96508086544598,FC0002
ZL0002,11.002068875882083,76.96103442248916,DC000,10.99454910455417,76.96508086544598,FC0002,10.994653891507841,76.95677034823329,FC0003
ZL0003,11.002068875882083,76.96103442248916,DC000,10.994653891507841,76.95677034823329,FC0003,11.002173183711689,76.95272409645456,FC0004
ZL0004,11.002068875882083,76.96103442248916,DC000,11.002173183711689,76.95272409645456,FC0004,11.009588218415677,76.95698797497246,FC0005
ZL0005,11.002068875882083,76.96103442248916,DC000,11.009588218415677,76.95698797497246,FC0005,11.009484153714254,76.9652989142874,FC0000
ZL0006,11.017107131819534,76.9529415229362,DC006,11.017003546361217,76.9612522710586,FC0006,11.009588218415677,76.95698797497246,FC0005
ZL0007,11.017003546361217,76.9612522710586,FC0006,11.009588218415677,76.95698797497246,FC0005,11.009484153714254,76.9652989142874,FC0000
ZL0008,11.017003546361217,76.9612522710586,FC0006,11.016899724649369,76.96956382364206,DC001,11.009484153714254,76.9652989142874,FC0000
ZL0009,11.016899724649369,76.96956382364206,DC001,11.0093798528507,76.97361065791114,FC0007,11.009484153714254,76.9652989142874,FC0000
ZL0010,11.0093798528507,76.97361065791114,FC0007,11.009484153714254,76.9652989142874,FC0000,11.001964332042773,76.96934555291331,FC0001
ZL0011,11.0093798528507,76.97361065791114,FC0007,11.00185955213281,76.97765748749396,DC002,11.001964332042773,76.96934555291331,FC0001
ZL0012,11.00185955213281,76.97765748749396,DC002,10.994444081682245,76.97339218689595,FC0008,11.001964332042773,76.96934555291331,FC0001
ZL0013,10.994444081682245,76.97339218689595,FC0008,11.001964332042773,76.96934555291331,FC0001,10.99454910455417,76.96508086544598,FC0002
ZL0014,10.994444081682245,76.97339218689595,FC0008,10.987028904767405,76.9691273038025,DC003,10.99454910455417,76.96508086544598,FC0002
ZL0015,10.987028904767405,76.9691273038025,DC003,10.987134170739813,76.96081659549509,FC0009,10.99454910455417,76.96508086544598,FC0002
ZL0016,10.987134170739813,76.96081659549509,FC0009,10.99454910455417,76.96508086544598,FC0002,10.994653891507841,76.95677034823329,FC0003
ZL0017,10.987134170739813,76.96081659549509,FC0009,10.98723920094635,76.95250669150568,DC004,10.994653891507841,76.95677034823329,FC0003
ZL0018,10.98723920094635,76.95250669150568,DC004,10.994758442604168,76.94846063549082,FC0010,10.994653891507841,76.95677034823329,FC0003
ZL0019,10.994758442604168,76.94846063549082,FC0010,10.994653891507841,76.95677034823329,FC0003,11.002173183711689,76.95272409645456,FC0004
ZL0020,10.994758442604168,76.94846063549082,FC0010,11.002277255592553,76.94441457504232,DC005,11.002173183711689,76.95272409645456,FC0004
ZL0021,11.002277255592553,76.94441457504232,DC005,11.009692047015992,76.94867784019927,FC0011,11.002173183711689,76.95272409645456,FC0004
ZL0022,11.009692047015992,76.94867784019927,FC0011,11.002173183711689,76.95272409645456,FC0004,11.009588218415677,76.95698797497246,FC0005
ZL0023,11.009692047015992,76.94867784019927,FC0011,11.017107131819534,76.9529415229362,DC006,11.009588218415677,76.95698797497246,FC0005
ZL0024,11.024625615758364,76.94889506642073,FC0029,11.024522509648289,76.95720562326724,FC0012,11.017107131819534,76.9529415229362,DC006
ZL0025,11.024522509648289,76.95720562326724,FC0012,11.017107131819534,76.9529415229362,DC006,11.017003546361217,76.9612522710586,FC0006
ZL0026,11.024522509648289,76.95720562326724,FC0012,11.024419167193338,76.96551698472707,FC0013,11.017003546361217,76.9612522710586,FC0006
ZL0027,11.024419167193338,76.96551698472707,FC0013,11.017003546361217,76.9612522710586,FC0006,11.016899724649369,76.96956382364206,DC001
ZL0028,11.024419167193338,76.96551698472707,FC0013,11.024315588332357,76.97382915056718,FC0014,11.016899724649369,76.96956382364206,DC001
ZL0029,11.024315588332357,76.97382915056718,FC0014,11.01679566662291,76.97787618045352,FC0015,11.016899724649369,76.96956382364206,DC001
ZL0030,11.01679566662291,76.97787618045352,FC0015,11.016899724649369,76.96956382364206,DC001,11.0093798528507,76.97361065791114,FC0007
ZL0031,11.01679566662291,76.97787618045352,FC0015,11.009275315764043,76.98192320561057,FC0016,11.0093798528507,76.97361065791114,FC0007
ZL0032,11.009275315764043,76.98192320561057,FC0016,11.0093798528507,76.97361065791114,FC0007,11.00185955213281,76.97765748749396,DC002
ZL0033,11.009275315764043,76.98192320561057,FC0016,11.001754536091262,76.98597022599795,FC0017,11.00185955213281,76.97765748749396,DC002
ZL0034,11.001754536091262,76.98597022599795,FC0017,10.99433882283123,76.98170431235015,FC0018,11.00185955213281,76.97765748749396,DC002
ZL0035,10.99433882283123,76.98170431235015,FC0018,11.00185955213281,76.97765748749396,DC002,10.994444081682245,76.97339218689595,FC0008
ZL0036,10.99433882283123,76.98170431235015,FC0018,10.986923402968293,76.97743881619498,FC0019,10.994444081682245,76.97339218689595,FC0008
ZL0037,10.986923402968293,76.97743881619498,FC0019,10.994444081682245,76.97339218689595,FC0008,10.987028904767405,76.9691273038025,DC003
ZL0038,10.986923402968293,76.97743881619498,FC0019,10.979508276857423,76.97317373751841,FC0020,10.987028904767405,76.9691273038025,DC003
ZL0039,10.979508276857423,76.97317373751841,FC0020,10.979614021743181,76.96486283819956,FC0021,10.987028904767405,76.9691273038025,DC003
ZL0040,10.979614021743181,76.96486283819956,FC0021,10.987028904767405,76.9691273038025,DC003,10.987134170739813,76.96081659549509,FC0009
ZL0041,10.979614021743181,76.96486283819956,FC0021,10.979719530954577,76.95655274304656,FC0022,10.987134170739813,76.96081659549509,FC0009
ZL0042,10.979719530954577,76.95655274304656,FC0022,10.987134170739813,76.96081659549509,FC0009,10.98723920094635,76.95250669150568,DC004
ZL0043,10.979719530954577,76.95655274304656,FC0022,10.979824804552381,76.94824345229217,FC0023,10.98723920094635,76.95250669150568,DC004
ZL0044,10.979824804552381,76.94824345229217,FC0023,10.987343995447835,76.94419759206704,FC0024,10.98723920094635,76.95250669150568,DC004
ZL0045,10.987343995447835,76.94419759206704,FC0024,10.98723920094635,76.95250669150568,DC004,10.994758442604168,76.94846063549082,FC0010
ZL0046,10.987343995447835,76.94419759206704,FC0024,10.994862757904041,76.94015172745125,FC0025,10.994758442604168,76.94846063549082,FC0010
ZL0047,10.994862757904041,76.94015172745125,FC0025,10.994758442604168,76.94846063549082,FC0010,11.002277255592553,76.94441457504232,DC005
ZL0048,10.994862757904041,76.94015172745125,FC0025,11.002381091585649,76.9361058584851,FC0026,11.002277255592553,76.94441457504232,DC005
ZL0049,11.002381091585649,76.9361058584851,FC0026,11.009795639576213,76.94036851020056,FC0027,11.002277255592553,76.94441457504232,DC005
ZL0050,11.009795639576213,76.94036851020056,FC0027,11.002277255592553,76.94441457504232,DC005,11.009692047015992,76.94867784019927,FC0011
ZL0051,11.009795639576213,76.94036851020056,FC0027,11.0172104810854,76.94463157950773,FC0028,11.009692047015992,76.94867784019927,FC0011
ZL0052,11.0172104810854,76.94463157950773,FC0028,11.009692047015992,76.94867784019927,FC0011,11.017107131819534,76.9529415229362,DC006
ZL0053,11.0172104810854,76.94463157950773,FC0028,11.024625615758364,76.94889506642073,FC0029,11.017107131819534,76.9529415229362,DC006
ZL0054,11.032143669897021,76.94484860546645,DC018,11.032041043240222,76.95315897095374,FC0030,11.024625615758364,76.94889506642073,FC0029
ZL0055,11.032041043240222,76.95315897095374,FC0030,11.024625615758364,76.94889506642073,FC0029,11.024522509648289,76.95720562326724,FC0012
ZL0056,11.032041043240222,76.95315897095374,FC0030,11.031938180147264,76.96147014120655,DC007,11.024522509648289,76.95720562326724,FC0012
ZL0057,11.031938180147264,76.96147014120655,DC007,11.024522509648289,76.95720562326724,FC0012,11.024419167193338,76.96551698472707,FC0013
ZL0058,11.031938180147264,76.96147014120655,DC007,11.031835080556952,76.96978211599195,FC0031,11.024419167193338,76.96551698472707,FC0013
ZL0059,11.031835080556952,76.96978211599195,FC0031,11.024419167193338,76.96551698472707,FC0013,11.024315588332357,76.97382915056718,FC0014
ZL0060,11.031835080556952,76.96978211599195,FC0031,11.031731744408075,76.97809489507685,DC008,11.024315588332357,76.97382915056718,FC0014
ZL0061,11.031731744408075,76.97809489507685,DC008,11.024211773004248,76.98214212055446,FC0032,11.024315588332357,76.97382915056718,FC0014
ZL0062,11.024211773004248,76.98214212055446,FC0032,11.024315588332357,76.97382915056718,FC0014,11.01679566662291,76.97787618045352,FC0015
ZL0063,11.024211773004248,76.98214212055446,FC0032,11.01669137222082,76.98618934125977,DC009,11.01679566662291,76.97787618045352,FC0015
ZL0064,11.01669137222082,76.98618934125977,DC009,11.01679566662291,76.97787618045352,FC0015,11.009275315764043,76.98192320561057,FC0016
ZL0065,11.01669137222082,76.98618934125977,DC009,11.00917054239328,76.99023655715237,FC0033,11.009275315764043,76.98192320561057,FC0016
ZL0066,11.00917054239328,76.99023655715237,FC0033,11.009275315764043,76.98192320561057,FC0016,11.001754536091262,76.98597022599795,FC0017
ZL0067,11.00917054239328,76.99023655715237,FC0033,11.001649283857292,76.99428376819189,DC010,11.001754536091262,76.98597022599795,FC0017
ZL0068,11.001649283857292,76.99428376819189,DC010,10.994233327940297,76.99001724157532,FC0034,11.001754536091262,76.98597022599795,FC0017
ZL0069,10.994233327940297,76.99001724157532,FC0034,11.001754536091262,76.98597022599795,FC0017,10.99433882283123,76.98170431235015,FC0018
ZL0070,10.994233327940297,76.99001724157532,FC0034,10.9868176652817,76.98575113243933,DC011,10.99433882283123,76.98170431235015,FC0018
ZL0071,10.9868176652817,76.98575113243933,DC011,10.99433882283123,76.98170431235015,FC0018,10.986923402968293,76.97743881619498,FC0019
ZL0072,10.9868176652817,76.98575113243933,DC011,10.979402296236584,76.98148544077,FC0035,10.986923402968293,76.97743881619498,FC0019
ZL0073,10.979402296236584,76.98148544077,FC0035,10.986923402968293,76.97743881619498,FC0019,10.979508276857423,76.97317373751841,FC0020
ZL0074,10.979402296236584,76.98148544077,FC0035,10.971987221159928,76.97722016655334,DC012,10.979508276857423,76.97317373751841,FC0020
ZL0075,10.971987221159928,76.97722016655334,DC012,10.972093444853522,76.96890907630645,FC0036,10.979508276857423,76.97317373751841,FC0020
ZL0076,10.972093444853522,76.96890907630645,FC0036,10.979508276857423,76.97317373751841,FC0020,10.979614021743181,76.96486283819956,FC0021
ZL0077,10.972093444853522,76.96890907630645,FC0036,10.972199432964368,76.9605987900731,DC013,10.979614021743181,76.96486283819956,FC0021
ZL0078,10.972199432964368,76.9605987900731,DC013,10.979614021743181,76.96486283819956,FC0021,10.979719530954577,76.95655274304656,FC0022
ZL0079,10.972199432964368,76.9605987900731,DC013,10.972305185553168,76.95228930808628,FC0037,10.979719530954577,76.95655274304656,FC0022
ZL0080,10.972305185553168,76.95228930808628,FC0037,10.979719530954577,76.95655274304656,FC0022,10.979824804552381,76.94824345229217,FC0023
ZL0081,10.972305185553168,76.95228930808628,FC0037,10.9724107026806,76.94398063057871,DC014,10.979824804552381,76.94824345229217,FC0023
ZL0082,10.9724107026806,76.94398063057871,DC014,10.979929842597404,76.93993496616918,FC0038,10.979824804552381,76.94824345229217,FC0023
ZL0083,10.979929842597404,76.93993496616918,FC0038,10.979824804552381,76.94824345229217,FC0023,10.987343995447835,76.94419759206704,FC0024
ZL0084,10.979929842597404,76.93993496616918,FC0038,10.987448554305129,76.93588929741186,DC015,10.987343995447835,76.94419759206704,FC0024
ZL0085,10.987448554305129,76.93588929741186,DC015,10.987343995447835,76.94419759206704,FC0024,10.994862757904041,76.94015172745125,FC0025
ZL0086,10.987448554305129,76.93588929741186,DC015,10.994966837468406,76.93184362434714,FC0039,10.994862757904041,76.94015172745125,FC0025
ZL0087,10.994966837468406,76.93184362434714,FC0039,10.994862757904041,76.94015172745125,FC0025,11.002381091585649,76.9361058584851,FC0026
ZL0088,10.994966837468406,76.93184362434714,FC0039,11.002484691751992,76.92779794701536,DC016,11.002381091585649,76.9361058584851,FC0026
ZL0089,11.002484691751992,76.92779794701536,DC016,11.009898996157435,76.93205998520894,FC0040,11.002381091585649,76.9361058584851,FC0026
ZL0090,11.009898996157435,76.93205998520894,FC0040,11.002381091585649,76.9361058584851,FC0026,11.009795639576213,76.94036851020056,FC0027
ZL0091,11.009898996157435,76.93205998520894,FC0040,11.017313594219923,76.93632244100587,DC017,11.009795639576213,76.94036851020056,FC0027
ZL0092,11.017313594219923,76.93632244100587,DC017,11.009795639576213,76.94036851020056,FC0027,11.0172104810854,76.94463157950773,FC0028
ZL0093,11.017313594219923,76.93632244100587,DC017,11.024728485584733,76.9405853144203,FC0041,11.0172104810854,76.94463157950773,FC0028
ZL0094,11.024728485584733,76.9405853144203,FC0041,11.0172104810854,76.94463157950773,FC0028,11.024625615758364,76.94889506642073,FC0029
ZL0095,11.024728485584733,76.9405853144203,FC0041,11.032143669897021,76.94484860546645,DC018,11.024625615758364,76.94889506642073,FC0029
ZL0096,11.039661293900416,76.94080214011366,FC0071,11.039559146801837,76.94911231415841,FC0042,11.032143669897021,76.94484860546645,DC018
ZL0097,11.039559146801837,76.94911231415841,FC0042,11.032143669897021,76.94484860546645,DC018,11.032041043240222,76.95315897095374,FC0030
ZL0098,11.039559146801837,76.94911231415841,FC0042,11.039456763175894,76.95742329312087,FC0043,11.032041043240222,76.95315897095374,FC0030
ZL0099,11.039456763175894,76.95742329312087,FC0043,11.032041043240222,76.95315897095374,FC0030,11.031938180147264,76.96147014120655,DC007
ZL0100,11.039456763175894,76.95742329312087,FC0043,11.039354142961349,76.96573507676815,FC0044,11.031938180147264,76.96147014120655,DC007
ZL0101,11.039354142961349,76.96573507676815,FC0044,11.031938180147264,76.96147014120655,DC007,11.031835080556952,76.96978211599195,FC0031
ZL0102,11.039354142961349,76.96573507676815,FC0044,11.039251286096857,76.9740476648673,FC0045,11.031835080556952,76.96978211599195,FC0031
ZL0103,11.039251286096857,76.9740476648673,FC0045,11.031835080556952,76.96978211599195,FC0031,11.031731744408075,76.97809489507685,DC008
ZL0104,11.039251286096857,76.9740476648673,FC0045,11.039148192521232,76.98236105718509,FC0046,11.031731744408075,76.97809489507685,DC008
ZL0105,11.039148192521232,76.98236105718509,FC0046,11.031628171639488,76.98640847822801,FC0047,11.031731744408075,76.97809489507685,DC008
ZL0106,11.031628171639488,76.98640847822801,FC0047,11.031731744408075,76.97809489507685,DC008,11.024211773004248,76.98214212055446,FC0032
ZL0107,11.031628171639488,76.98640847822801,FC0047,11.024107721147924,76.99045589445556,FC0048,11.024211773004248,76.98214212055446,FC0032
ZL0108,11.024107721147924,76.99045589445556,FC0048,11.024211773004248,76.98214212055446,FC0032,11.01669137222082,76.98618934125977,DC009
ZL0109,11.024107721147924,76.99045589445556,FC0048,11.016586841382068,76.9945033058274,FC0049,11.01669137222082,76.98618934125977,DC009
ZL0110,11.016586841382068,76.9945033058274,FC0049,11.01669137222082,76.98618934125977,DC009,11.00917054239328,76.99023655715237,FC0033
ZL0111,11.016586841382068,76.9945033058274,FC0049,11.009065532677516,76.99855071230309,FC0050,11.00917054239328,76.99023655715237,FC0033
ZL0112,11.009065532677516,76.99855071230309,FC0050,11.00917054239328,76.99023655715237,FC0033,11.001649283857292,76.99428376819189,DC010
ZL0113,11.009065532677516,76.99855071230309,FC0050,11.001543795370019,77.00259811384225,FC0051,11.001649283857292,76.99428376819189,DC010
ZL0114,11.001543795370019,77.00259811384225,FC0051,10.994127596948598,76.99833097433797,FC0052,11.001649283857292,76.99428376819189,DC010
ZL0115,10.994127596948598,76.99833097433797,FC0052,11.001649283857292,76.99428376819189,DC010,10.994233327940297,76.99001724157532,FC0034
ZL0116,10.994127596948598,76.99833097433797,FC0052,10.986711691646851,76.99406425230225,FC0053,10.994233327940297,76.99001724157532,FC0034
ZL0117,10.986711691646851,76.99406425230225,FC0053,10.994233327940297,76.99001724157532,FC0034,10.9868176652817,76.98575113243933,DC011
ZL0118,10.986711691646851,76.99406425230225,FC0053,10.97929607981993,76.98979794772116,FC0054,10.9868176652817,76.98575113243933,DC011
ZL0119,10.97929607981993,76.98979794772116,FC0054,10.9868176652817,76.98575113243933,DC011,10.979402296236584,76.98148544077,FC0035
ZL0120,10.97929607981993,76.98979794772116,FC0054,10.971880761822925,76.98553206058071,FC0055,10.979402296236584,76.98148544077,FC0035
ZL0121,10.971880761822925,76.98553206058071,FC0055,10.979402296236584,76.98148544077,FC0035,10.971987221159928,76.97722016655334,DC012
ZL0122,10.971880761822925,76.98553206058071,FC0055,10.964465738010759,76.98126659086694,FC0056,10.971987221159928,76.97722016655334,DC012
ZL0123,10.964465738010759,76.98126659086694,FC0056,10.964572440406615,76.97295530977532,FC0057,10.971987221159928,76.97722016655334,DC012
ZL0124,10.964572440406615,76.97295530977532,FC0057,10.971987221159928,76.97722016655334,DC012,10.972093444853522,76.96890907630645,FC0036
ZL0125,10.964572440406615,76.97295530977532,FC0057,10.964678907311397,76.964644832545,FC0058,10.972093444853522,76.96890907630645,FC0036
ZL0126,10.964678907311397,76.964644832545,FC0058,10.972093444853522,76.96890907630645,FC0036,10.972199432964368,76.9605987900731,DC013
ZL0127,10.964678907311397,76.964644832545,FC0058,10.964785138785722,76.95633515940902,FC0059,10.972199432964368,76.9605987900731,DC013
ZL0128,10.964785138785722,76.95633515940902,FC0059,10.972199432964368,76.9605987900731,DC013,10.972305185553168,76.95228930808628,FC0037
ZL0129,10.964785138785722,76.95633515940902,FC0059,10.964891134890214,76.94802629060018,FC0060,10.972305185553168,76.95228930808628,FC0037
ZL0130,10.964891134890214,76.94802629060018,FC0060,10.972305185553168,76.95228930808628,FC0037,10.9724107026806,76.94398063057871,DC014
ZL0131,10.964891134890214,76.94802629060018,FC0060,10.964996895685552,76.93971822635113,FC0061,10.9724107026806,76.94398063057871,DC014
ZL0132,10.964996895685552,76.93971822635113,FC0061,10.972515984407424,76.93567275778297,FC0062,10.9724107026806,76.94398063057871,DC014
ZL0133,10.972515984407424,76.93567275778297,FC0062,10.9724107026806,76.94398063057871,DC014,10.979929842597404,76.93993496616918,FC0038
ZL0134,10.972515984407424,76.93567275778297,FC0062,10.980034645150404,76.93162728491,FC0063,10.979929842597404,76.93993496616918,FC0038
ZL0135,10.980034645150404,76.93162728491,FC0063,10.979929842597404,76.93993496616918,FC0038,10.987448554305129,76.93588929741186,DC015
ZL0136,10.980034645150404,76.93162728491,FC0063,10.987552877579118,76.92758180777251,FC0064,10.987448554305129,76.93588929741186,DC015
ZL0137,10.987552877579118,76.92758180777251,FC0064,10.987448554305129,76.93588929741186,DC015,10.994966837468406,76.93184362434714,FC0039
ZL0138,10.987552877579118,76.92758180777251,FC0064,10.99507068135825,76.92353632641085,FC0065,10.994966837468406,76.93184362434714,FC0039
ZL0139,10.99507068135825,76.92353632641085,FC0065,10.994966837468406,76.93184362434714,FC0039,11.002484691751992,76.92779794701536,DC016
ZL0140,10.99507068135825,76.92353632641085,FC0065,11.002588056152646,76.91949084086536,FC0066,11.002484691751992,76.92779794701536,DC016
ZL0141,11.002588056152646,76.91949084086536,FC0066,11.010002116820747,76.92375226545681,FC0067,11.002484691751992,76.92779794701536,DC016
ZL0142,11.010002116820747,76.92375226545681,FC0067,11.002484691751992,76.92779794701536,DC016,11.009898996157435,76.93205998520894,FC0040
ZL0143,11.010002116820747,76.92375226545681,FC0067,11.01741647128428,76.92801410766316,FC0068,11.009898996157435,76.93205998520894,FC0040
ZL0144,11.01741647128428,76.92801410766316,FC0068,11.009898996157435,76.93205998520894,FC0040,11.017313594219923,76.93632244100587,DC017
ZL0145,11.01741647128428,76.92801410766316,FC0068,11.024831119188596,76.93227636749859,FC0069,11.017313594219923,76.93632244100587,DC017
ZL0146,11.024831119188596,76.93227636749859,FC0069,11.017313594219923,76.93632244100587,DC017,11.024728485584733,76.9405853144203,FC0041
ZL0147,11.024831119188596,76.93227636749859,FC0069,11.032246060178917,76.93653904497737,FC0070,11.024728485584733,76.9405853144203,FC0041
ZL0148,11.032246060178917,76.93653904497737,FC0070,11.024728485584733,76.9405853144203,FC0041,11.032143669897021,76.94484860546645,DC018
ZL0149,11.032246060178917,76.93653904497737,FC0070,11.039661293900416,76.94080214011366,FC0071,11.032143669897021,76.94484860546645,DC018
ZL0150,11.047178487433603,76.93675567040276,DC036,11.047076819998102,76.94506565292164,FC0072,11.039661293900416,76.94080214011366,FC0071
ZL0151,11.047076819998102,76.94506565292164,FC0072,11.039661293900416,76.94080214011366,FC0071,11.039559146801837,76.94911231415841,FC0042
ZL0152,11.047076819998102,76.94506565292164,FC0072,11.046974915944133,76.95337644051038,DC019,11.039559146801837,76.94911231415841,FC0042
ZL0153,11.046974915944133,76.95337644051038,DC019,11.039559146801837,76.94911231415841,FC0042,11.039456763175894,76.95742329312087,FC0043
ZL0154,11.046974915944133,76.95337644051038,DC019,11.046872775210305,76.96168803293622,FC0073,11.039456763175894,76.95742329312087,FC0043
ZL0155,11.046872775210305,76.96168803293622,FC0073,11.039456763175894,76.95742329312087,FC0043,11.039354142961349,76.96573507676815,FC0044
ZL0156,11.046872775210305,76.96168803293622,FC0073,11.046770397735312,76.97000042996618,DC020,11.039354142961349,76.96573507676815,FC0044
ZL0157,11.046770397735312,76.97000042996618,DC020,11.039354142961349,76.96573507676815,FC0044,11.039251286096857,76.9740476648673,FC0045
ZL0158,11.046770397735312,76.97000042996618,DC020,11.046667783457778,76.97831363136717,FC0074,11.039251286096857,76.9740476648673,FC0045
ZL0159,11.046667783457778,76.97831363136717,FC0074,11.039251286096857,76.9740476648673,FC0045,11.039148192521232,76.98236105718509,FC0046
ZL0160,11.046667783457778,76.97831363136717,FC0074,11.04656493231648,76.98662763690587,DC021,11.039148192521232,76.98236105718509,FC0046
ZL0161,11.04656493231648,76.98662763690587,DC021,11.039044862173231,76.99067525348812,FC0075,11.039148192521232,76.98236105718509,FC0046
ZL0162,11.039044862173231,76.99067525348812,FC0075,11.039148192521232,76.98236105718509,FC0046,11.031628171639488,76.98640847822801,FC0047
ZL0163,11.039044862173231,76.99067525348812,FC0075,11.031524362190028,76.99472286521195,DC022,11.031628171639488,76.98640847822801,FC0047
ZL0164,11.031524362190028,76.99472286521195,DC022,11.031628171639488,76.98640847822801,FC0047,11.024107721147924,76.99045589445556,FC0048
ZL0165,11.031524362190028,76.99472286521195,DC022,11.024003432702308,76.99877047203697,FC0076,11.024107721147924,76.99045589445556,FC0048
ZL0166,11.024003432702308,76.99877047203697,FC0076,11.024107721147924,76.99045589445556,FC0048,11.016586841382068,76.9945033058274,FC0049
ZL0167,11.024003432702308,76.99877047203697,FC0076,11.016482074045673,77.0028180739228,DC023,11.016586841382068,76.9945033058274,FC0049
ZL0168,11.016482074045673,77.0028180739228,DC023,11.016586841382068,76.9945033058274,FC0049,11.009065532677516,76.99855071230309,FC0050
ZL0169,11.016482074045673,77.0028180739228,DC023,11.008960286555826,77.00686567082903,FC0077,11.009065532677516,76.99855071230309,FC0050
ZL0170,11.008960286555826,77.00686567082903,FC0077,11.009065532677516,76.99855071230309,FC0050,11.001543795370019,77.00259811384225,FC0051
ZL0171,11.008960286555826,77.00686567082903,FC0077,11.00143807056858,77.01091326271528,DC024,11.001543795370019,77.00259811384225,FC0051
ZL0172,11.00143807056858,77.01091326271528,DC024,10.994021629795382,77.00664551040452,FC0078,11.001543795370019,77.00259811384225,FC0051
ZL0173,10.994021629795382,77.00664551040452,FC0078,11.001543795370019,77.00259811384225,FC0051,10.994127596948598,76.99833097433797,FC0052
ZL0174,10.994021629795382,77.00664551040452,FC0078,10.986605482003032,77.0023781755502,DC025,10.994127596948598,76.99833097433797,FC0052
ZL0175,10.986605482003032,77.0023781755502,DC025,10.994127596948598,76.99833097433797,FC0052,10.986711691646851,76.99406425230225,FC0053
ZL0176,10.986605482003032,77.0023781755502,DC025,10.979189627546829,76.99811125813841,FC0079,10.986711691646851,76.99406425230225,FC0053
ZL0177,10.979189627546829,76.99811125813841,FC0079,10.986711691646851,76.99406425230225,FC0053,10.97929607981993,76.98979794772116,FC0054
ZL0178,10.979189627546829,76.99811125813841,FC0079,10.971774066781887,76.99384475815523,DC026,10.97929607981993,76.98979794772116,FC0054
ZL0179,10.971774066781887,76.99384475815523,DC026,10.97929607981993,76.98979794772116,FC0054,10.971880761822925,76.98553206058071,FC0055
ZL0180,10.971774066781887,76.99384475815523,DC026,10.964358800063236,76.98957867558667,FC0080,10.971880761822925,76.98553206058071,FC0055
ZL0181,10.964358800063236,76.98957867558667,FC0080,10.971880761822925,76.98553206058071,FC0055,10.964465738010759,76.98126659086694,FC0056
ZL0182,10.964358800063236,76.98957867558667,FC0080,10.956943827745851,76.98531301041882,DC027,10.964465738010759,76.98126659086694,FC0056
ZL0183,10.956943827745851,76.98531301041882,DC027,10.957051008738294,76.97700153856584,FC0081,10.964465738010759,76.98126659086694,FC0056
ZL0184,10.957051008738294,76.97700153856584,FC0081,10.964465738010759,76.98126659086694,FC0056,10.964572440406615,76.97295530977532,FC0057
ZL0185,10.957051008738294,76.97700153856584,FC0081,10.95715795433141,76.96869087042191,DC028,10.964572440406615,76.97295530977532,FC0057
ZL0186,10.95715795433141,76.96869087042191,DC028,10.964572440406615,76.97295530977532,FC0057,10.964678907311397,76.964644832545,FC0058
ZL0187,10.95715795433141,76.96869087042191,DC028,10.957264664585736,76.96038100622008,FC0082,10.964678907311397,76.964644832545,FC0058
ZL0188,10.957264664585736,76.96038100622008,FC0082,10.964678907311397,76.964644832545,FC0058,10.964785138785722,76.95633515940902,FC0059
ZL0189,10.957264664585736,76.96038100622008,FC0082,10.957371139561815,76.95207194619324,DC029,10.964785138785722,76.95633515940902,FC0059
ZL0190,10.957371139561815,76.95207194619324,DC029,10.964785138785722,76.95633515940902,FC0059,10.964891134890214,76.94802629060018,FC0060
ZL0191,10.957371139561815,76.95207194619324,DC029,10.957477379320267,76.94376369057413,FC0083,10.964891134890214,76.94802629060018,FC0060
ZL0192,10.957477379320267,76.94376369057413,FC0083,10.964891134890214,76.94802629060018,FC0060,10.964996895685552,76.93971822635113,FC0061
ZL0193,10.957477379320267,76.94376369057413,FC0083,10.957583383921653,76.93545623959527,DC030,10.964996895685552,76.93971822635113,FC0061
ZL0194,10.957583383921653,76.93545623959527,DC030,10.965102421232402,76.93141096689432,FC0084,10.964996895685552,76.93971822635113,FC0061
ZL0195,10.965102421232402,76.93141096689432,FC0084,10.964996895685552,76.93971822635113,FC0061,10.972515984407424,76.93567275778297,FC0062
ZL0196,10.965102421232402,76.93141096689432,FC0084,10.972621030794402,76.92736568993146,DC031,10.972515984407424,76.93567275778297,FC0062
ZL0197,10.972621030794402,76.92736568993146,DC031,10.972515984407424,76.93567275778297,FC0062,10.980034645150404,76.93162728491,FC0063
ZL0198,10.972621030794402,76.92736568993146,DC031,10.980139212272269,76.92332040874699,FC0085,10.980034645150404,76.93162728491,FC0063
ZL0199,10.980139212272269,76.92332040874699,FC0085,10.980034645150404,76.93162728491,FC0063,10.987552877579118,76.92758180777251,FC0064
ZL0200,10.980139212272269,76.92332040874699,FC0085,10.987656965330725,76.91927512338127,DC032,10.987552877579118,76.92758180777251,FC0064
ZL0201,10.987656965330725,76.91927512338127,DC032,10.987552877579118,76.92758180777251,FC0064,10.99507068135825,76.92353632641085,FC0065
ZL0202,10.987656965330725,76.91927512338127,DC032,10.995174289634543,76.91522983387458,FC0086,10.99507068135825,76.92353632641085,FC0065
ZL0203,10.995174289634543,76.91522983387458,FC0086,10.99507068135825,76.92353632641085,FC0065,11.002588056152646,76.91949084086536,FC0066
ZL0204,10.995174289634543,76.91522983387458,FC0086,11.00269118484866,76.91118454026727,DC033,11.002588056152646,76.91949084086536,FC0066
ZL0205,11.00269118484866,76.91118454026727,DC033,11.010105001627238,76.91544535117636,FC0087,11.002588056152646,76.91949084086536,FC0066
ZL0206,11.010105001627238,76.91544535117636,FC0087,11.002588056152646,76.91949084086536,FC0066,11.010002116820747,76.92375226545681,FC0067
ZL0207,11.010105001627238,76.91544535117636,FC0087,11.017519112339581,76.91970657971187,DC034,11.010002116820747,76.92375226545681,FC0067
ZL0208,11.017519112339581,76.91970657971187,DC034,11.010002116820747,76.92375226545681,FC0067,11.01741647128428,76.92801410766316,FC0068
ZL0209,11.017519112339581,76.91970657971187,DC034,11.02493351663112,76.92396822588802,FC0088,11.01741647128428,76.92801410766316,FC0068
ZL0210,11.02493351663112,76.92396822588802,FC0088,11.01741647128428,76.92801410766316,FC0068,11.024831119188596,76.93227636749859,FC0069
ZL0211,11.02493351663112,76.92396822588802,FC0088,11.03234821414717,76.92823028971907,DC035,11.024831119188596,76.93227636749859,FC0069
ZL0212,11.03234821414717,76.92823028971907,DC035,11.024831119188596,76.93227636749859,FC0069,11.032246060178917,76.93653904497737,FC0070
ZL0213,11.03234821414717,76.92823028971907,DC035,11.039763204532958,76.93249277121924,FC0089,11.032246060178917,76.93653904497737,FC0070
ZL0214,11.039763204532958,76.93249277121924,FC0089,11.032246060178917,76.93653904497737,FC0070,11.039661293900416,76.94080214011366,FC0071
ZL0215,11.039763204532958,76.93249277121924,FC0089,11.047178487433603,76.93675567040276,DC036,11.039661293900416,76.94080214011366,FC0071
ZL0216,11.054695250161714,76.9327091963741,FC0131,11.054594062494097,76.94101898728378,FC0090,11.047178487433603,76.93675567040276,DC036
ZL0217,11.054594062494097,76.94101898728378,FC0090,11.047178487433603,76.93675567040276,DC036,11.047076819998102,76.94506565292164,FC0072
ZL0218,11.054594062494097,76.94101898728378,FC0090,11.054492638116928,76.94932958341549,FC0091,11.047076819998102,76.94506565292164,FC0072
ZL0219,11.054492638116928,76.94932958341549,FC0091,11.047076819998102,76.94506565292164,FC0072,11.046974915944133,76.95337644051038,DC019
ZL0220,11.054492638116928,76.94932958341549,FC0091,11.054390976968774,76.95764098453648,FC0092,11.046974915944133,76.95337644051038,DC019
ZL0221,11.054390976968774,76.95764098453648,FC0092,11.046974915944133,76.95337644051038,DC019,11.046872775210305,76.96168803293622,FC0073
ZL0222,11.054390976968774,76.95764098453648,FC0092,11.054289078988212,76.9659531904139,FC0093,11.046872775210305,76.96168803293622,FC0073
ZL0223,11.054289078988212,76.9659531904139,FC0093,11.046872775210305,76.96168803293622,FC0073,11.046770397735312,76.97000042996618,DC020
ZL0224,11.054289078988212,76.9659531904139,FC0093,11.054186944113853,76.97426620081468,FC0094,11.046770397735312,76.97000042996618,DC020
ZL0225,11.054186944113853,76.97426620081468,FC0094,11.046770397735312,76.97000042996618,DC020,11.046667783457778,76.97831363136717,FC0074
ZL0226,11.054186944113853,76.97426620081468,FC0094,11.054084572284339,76.9825800155056,FC0095,11.046667783457778,76.97831363136717,FC0074
ZL0227,11.054084572284339,76.9825800155056,FC0095,11.046667783457778,76.97831363136717,FC0074,11.04656493231648,76.98662763690587,DC021
ZL0228,11.054084572284339,76.9825800155056,FC0095,11.05398196343832,76.99089463425325,FC0096,11.04656493231648,76.98662763690587,DC021
ZL0229,11.05398196343832,76.99089463425325,FC0096,11.046461844250073,76.9949424463488,FC0097,11.04656493231648,76.98662763690587,DC021
ZL0230,11.046461844250073,76.9949424463488,FC0097,11.04656493231648,76.98662763690587,DC021,11.039044862173231,76.99067525348812,FC0075
ZL0231,11.046461844250073,76.9949424463488,FC0097,11.038941294991686,76.99899025354287,FC0098,11.039044862173231,76.99067525348812,FC0075
ZL0232,11.038941294991686,76.99899025354287,FC0098,11.039044862173231,76.99067525348812,FC0075,11.031524362190028,76.99472286521195,DC022
ZL0233,11.038941294991686,76.99899025354287,FC0098,11.031420315998597,77.00303805579506,FC0099,11.031524362190028,76.99472286521195,DC022
ZL0234,11.031420315998597,77.00303805579506,FC0099,11.031524362190028,76.99472286521195,DC022,11.024003432702308,76.99877047203697,FC0076
ZL0235,11.031420315998597,77.00303805579506,FC0099,11.023898907606373,77.00708585306498,FC0100,11.024003432702308,76.99877047203697,FC0076
ZL0236,11.023898907606373,77.00708585306498,FC0100,11.024003432702308,76.99877047203697,FC0076,11.016482074045673,77.0028180739228,DC023
ZL0237,11.023898907606373,77.00708585306498,FC0100,11.01637707015069,77.0111336453122,FC0101,11.016482074045673,77.0028180739228,DC023
ZL0238,11.01637707015069,77.0111336453122,FC0101,11.016482074045673,77.0028180739228,DC023,11.008960286555826,77.00686567082903,FC0077
ZL0239,11.01637707015069,77.0111336453122,FC0101,11.00885480396734,77.01518143249636,FC0102,11.008960286555826,77.00686567082903,FC0077
ZL0240,11.00885480396734,77.01518143249636,FC0102,11.008960286555826,77.00686567082903,FC0077,11.00143807056858,77.01091326271528,DC024
ZL0241,11.00885480396734,77.01518143249636,FC0102,11.001332109392207,77.01922921457705,FC0103,11.00143807056858,77.01091326271528,DC024
ZL0242,11.001332109392207,77.01922921457705,FC0103,10.993915426419857,77.01496084954115,FC0104,11.00143807056858,77.01091326271528,DC024
ZL0243,10.993915426419857,77.01496084954115,FC0104,11.00143807056858,77.01091326271528,DC024,10.994021629795382,77.00664551040452,FC0078
ZL0244,10.993915426419857,77.01496084954115,FC0104,10.986499036289544,77.0106929019495,FC0105,10.994021629795382,77.00664551040452,FC0078
ZL0245,10.986499036289544,77.0106929019495,FC0105,10.994021629795382,77.00664551040452,FC0078,10.986605482003032,77.0023781755502,DC025
ZL0246,10.986499036289544,77.0106929019495,FC0105,10.979082939356571,77.00642537178823,FC0106,10.986605482003032,77.0023781755502,DC025
ZL0247,10.979082939356571,77.00642537178823,FC0106,10.986605482003032,77.0023781755502,DC025,10.979189627546829,76.99811125813841,FC0079
ZL0248,10.979082939356571,77.00642537178823,FC0106,10.971667135976192,77.00215825904341,FC0107,10.979189627546829,76.99811125813841,FC0079
ZL0249,10.971667135976192,77.00215825904341,FC0107,10.979189627546829,76.99811125813841,FC0079,10.971774066781887,76.99384475815523,DC026
ZL0250,10.971667135976192,77.00215825904341,FC0107,10.964251626503534,76.99789156370117,FC0108,10.971774066781887,76.99384475815523,DC026
ZL0251,10.964251626503534,76.99789156370117,FC0108,10.971774066781887,76.99384475815523,DC026,10.964358800063236,76.98957867558667,FC0080
ZL0252,10.964251626503534,76.99789156370117,FC0108,10.956836411293573,76.99362528574757,FC0109,10.964358800063236,76.98957867558667,FC0080
ZL0253,10.956836411293573,76.99362528574757,FC0109,10.964358800063236,76.98957867558667,FC0080,10.956943827745851,76.98531301041882,DC027
ZL0254,10.956836411293573,76.99362528574757,FC0109,10.949421490701244,76.98935942516866,FC0110,10.956943827745851,76.98531301041882,DC027
ZL0255,10.949421490701244,76.98935942516866,FC0110,10.949529150184537,76.98104776263769,FC0111,10.956943827745851,76.98531301041882,DC027
ZL0256,10.949529150184537,76.98104776263769,FC0111,10.956943827745851,76.98531301041882,DC027,10.957051008738294,76.97700153856584,FC0081
ZL0257,10.949529150184537,76.98104776263769,FC0111,10.949636574360293,76.97273690366345,FC0112,10.957051008738294,76.97700153856584,FC0081
ZL0258,10.949636574360293,76.97273690366345,FC0112,10.957051008738294,76.97700153856584,FC0081,10.95715795433141,76.96869087042191,DC028
ZL0259,10.949636574360293,76.97273690366345,FC0112,10.949743763289003,76.96442684847908,FC0113,10.95715795433141,76.96869087042191,DC028
ZL0260,10.949743763289003,76.96442684847908,FC0113,10.95715795433141,76.96869087042191,DC028,10.957264664585736,76.96038100622008,FC0082
ZL0261,10.949743763289003,76.96442684847908,FC0113,10.949850717031131,76.95611759731754,FC0114,10.957264664585736,76.96038100622008,FC0082
ZL0262,10.949850717031131,76.95611759731754,FC0114,10.957264664585736,76.96038100622008,FC0082,10.957371139561815,76.95207194619324,DC029
ZL0263,10.949850717031131,76.95611759731754,FC0114,10.949957435647203,76.94780915041164,FC0115,10.957371139561815,76.95207194619324,DC029
ZL0264,10.949957435647203,76.94780915041164,FC0115,10.957371139561815,76.95207194619324,DC029,10.957477379320267,76.94376369057413,FC0083
ZL0265,10.949957435647203,76.94780915041164,FC0115,10.950063919197742,76.93950150799398,FC0116,10.957477379320267,76.94376369057413,FC0083
ZL0266,10.950063919197742,76.93950150799398,FC0116,10.957477379320267,76.94376369057413,FC0083,10.957583383921653,76.93545623959527,DC030
ZL0267,10.950063919197742,76.93950150799398,FC0116,10.950170167743293,76.93119467029697,FC0117,10.957583383921653,76.93545623959527,DC030
ZL0268,10.950170167743293,76.93119467029697,FC0117,10.957689153426665,76.92714959348903,FC0118,10.957583383921653,76.93545623959527,DC030
ZL0269,10.957689153426665,76.92714959348903,FC0118,10.957583383921653,76.93545623959527,DC030,10.965102421232402,76.93141096689432,FC0084
ZL0270,10.957689153426665,76.92714959348903,FC0118,10.965207711591463,76.92310451246206,FC0119,10.965102421232402,76.93141096689432,FC0084
ZL0271,10.965207711591463,76.92310451246206,FC0119,10.965102421232402,76.93141096689432,FC0084,10.972621030794402,76.92736568993146,DC031
ZL0272,10.965207711591463,76.92310451246206,FC0119,10.97272584190232,76.91905942725639,FC0120,10.972621030794402,76.92736568993146,DC031
ZL0273,10.97272584190232,76.91905942725639,FC0120,10.972621030794402,76.92736568993146,DC031,10.980139212272269,76.92332040874699,FC0085
ZL0274,10.97272584190232,76.91905942725639,FC0120,10.980243544023848,76.91501433791231,FC0121,10.980139212272269,76.92332040874699,FC0085
ZL0275,10.980243544023848,76.91501433791231,FC0121,10.980139212272269,76.92332040874699,FC0085,10.987656965330725,76.91927512338127,DC032
ZL0276,10.980243544023848,76.91501433791231,FC0121,10.987760817620906,76.91096924447018,FC0122,10.987656965330725,76.91927512338127,DC032
ZL0277,10.987760817620906,76.91096924447018,FC0122,10.987656965330725,76.91927512338127,DC032,10.995174289634543,76.91522983387458,FC0086
ZL0278,10.987760817620906,76.91096924447018,FC0122,10.99527766235831,76.9069241469703,FC0123,10.995174289634543,76.91522983387458,FC0086
ZL0279,10.99527766235831,76.9069241469703,FC0123,10.995174289634543,76.91522983387458,FC0086,11.00269118484866,76.91118454026727,DC033
ZL0280,10.99527766235831,76.9069241469703,FC0123,11.002794077901132,76.90287904545298,FC0124,11.00269118484866,76.91118454026727,DC033
ZL0281,11.002794077901132,76.90287904545298,FC0124,11.01020765063807,76.90713924259967,FC0125,11.00269118484866,76.91118454026727,DC033
ZL0282,11.01020765063807,76.90713924259967,FC0125,11.00269118484866,76.91118454026727,DC033,11.010105001627238,76.91544535117636,FC0087
ZL0283,11.01020765063807,76.90713924259967,FC0125,11.01762151744708,76.91139985738418,FC0126,11.010105001627238,76.91544535117636,FC0087
ZL0284,11.01762151744708,76.91139985738418,FC0126,11.010105001627238,76.91544535117636,FC0087,11.017519112339581,76.91970657971187,DC034
ZL0285,11.01762151744708,76.91139985738418,FC0126,11.0250356779736,76.91566088982084,FC0127,11.017519112339581,76.91970657971187,DC034
ZL0286,11.0250356779736,76.91566088982084,FC0127,11.017519112339581,76.91970657971187,DC034,11.02493351663112,76.92396822588802,FC0088
ZL0287,11.0250356779736,76.91566088982084,FC0127,11.032450131863087,76.91992233992391,FC0128,11.02493351663112,76.92396822588802,FC0088
ZL0288,11.032450131863087,76.91992233992391,FC0128,11.02493351663112,76.92396822588802,FC0088,11.03234821414717,76.92823028971907,DC035
ZL0289,11.032450131863087,76.91992233992391,FC0128,11.039864878760822,76.92418420770767,FC0129,11.03234821414717,76.92823028971907,DC035
ZL0290,11.039864878760822,76.92418420770767,FC0129,11.03234821414717,76.92823028971907,DC035,11.039763204532958,76.93249277121924,FC0089
ZL0291,11.039864878760822,76.92418420770767,FC0129,11.047279918311993,76.92844649318631,FC0130,11.039763204532958,76.93249277121924,FC0089
ZL0292,11.047279918311993,76.92844649318631,FC0130,11.039763204532958,76.93249277121924,FC0089,11.047178487433603,76.93675567040276,DC036
ZL0293,11.047279918311993,76.92844649318631,FC0130,11.054695250161714,76.9327091963741,FC0131,11.047178487433603,76.93675567040276,DC036
ZL0294,11.06221158175005,76.92866271806804,DC060,11.062110873954976,76.93697231728524,FC0132,11.054695250161714,76.9327091963741,FC0131
ZL0295,11.062110873954976,76.93697231728524,FC0132,11.054695250161714,76.9327091963741,FC0131,11.054594062494097,76.94101898728378,FC0090
ZL0296,11.062110873954976,76.93697231728524,FC0132,11.062009929359368,76.94528272187654,DC037,11.054594062494097,76.94101898728378,FC0090
ZL0297,11.062009929359368,76.94528272187654,DC037,11.054594062494097,76.94101898728378,FC0090,11.054492638116928,76.94932958341549,FC0091
ZL0298,11.062009929359368,76.94528272187654,DC037,11.061908747901702,76.95359393160933,FC0133,11.054492638116928,76.94932958341549,FC0091
ZL0299,11.061908747901702,76.95359393160933,FC0133,11.054492638116928,76.94932958341549,FC0091,11.054390976968774,76.95764098453648,FC0092
ZL0300,11.061908747901702,76.95359393160933,FC0133,11.061807329520501,76.96190594625081,DC038,11.054390976968774,76.95764098453648,FC0092
ZL0301,11.061807329520501,76.96190594625081,DC038,11.054390976968774,76.95764098453648,FC0092,11.054289078988212,76.9659531904139,FC0093
ZL0302,11.061807329520501,76.96190594625081,DC038,11.061705674154277,76.97021876556799,FC0134,11.054289078988212,76.9659531904139,FC0093
ZL0303,11.061705674154277,76.97021876556799,FC0134,11.054289078988212,76.9659531904139,FC0093,11.054186944113853,76.97426620081468,FC0094
ZL0304,11.061705674154277,76.97021876556799,FC0134,11.061603781741594,76.9785323893277,DC039,11.054186944113853,76.97426620081468,FC0094
ZL0305,11.061603781741594,76.9785323893277,DC039,11.054186944113853,76.97426620081468,FC0094,11.054084572284339,76.9825800155056,FC0095
ZL0306,11.061603781741594,76.9785323893277,DC039,11.061501652221017,76.98684681729661,FC0135,11.054084572284339,76.9825800155056,FC0095
ZL0307,11.061501652221017,76.98684681729661,FC0135,11.054084572284339,76.9825800155056,FC0095,11.05398196343832,76.99089463425325,FC0096
ZL0308,11.061501652221017,76.98684681729661,FC0135,11.061399285531193,76.99516204924116,DC040,11.05398196343832,76.99089463425325,FC0096
ZL0309,11.061399285531193,76.99516204924116,DC040,11.053879117514459,76.99921005682401,FC0136,11.05398196343832,76.99089463425325,FC0096
ZL0310,11.053879117514459,76.99921005682401,FC0136,11.05398196343832,76.99089463425325,FC0096,11.046461844250073,76.9949424463488,FC0097
ZL0311,11.053879117514459,76.99921005682401,FC0136,11.04635851919741,77.00325805946228,DC041,11.046461844250073,76.9949424463488,FC0097
ZL0312,11.04635851919741,77.00325805946228,DC041,11.046461844250073,76.9949424463488,FC0097,11.038941294991686,76.99899025354287,FC0098
ZL0313,11.04635851919741,77.00325805946228,DC041,11.038837490915439,77.00730605711558,FC0137,11.038941294991686,76.99899025354287,FC0098
ZL0314,11.038837490915439,77.00730605711558,FC0137,11.038941294991686,76.99899025354287,FC0098,11.031420315998597,77.00303805579506,FC0099
ZL0315,11.038837490915439,77.00730605711558,FC0137,11.031316033004128,77.01135404974352,DC042,11.031420315998597,77.00303805579506,FC0099
ZL0316,11.031316033004128,77.01135404974352,DC042,11.031420315998597,77.00303805579506,FC0099,11.023898907606373,77.00708585306498,FC0100
ZL0317,11.031316033004128,77.01135404974352,DC042,11.023794145799107,77.01540203730568,FC0138,11.023898907606373,77.00708585306498,FC0100
ZL0318,11.023794145799107,77.01540203730568,FC0138,11.023898907606373,77.00708585306498,FC0100,11.01637707015069,77.0111336453122,FC0101
ZL0319,11.023794145799107,77.01540203730568,FC0138,11.016271829636166,77.01945001976166,DC043,11.01637707015069,77.0111336453122,FC0101
ZL0320,11.016271829636166,77.01945001976166,DC043,11.01637707015069,77.0111336453122,FC0101,11.00885480396734,77.01518143249636,FC0102
ZL0321,11.016271829636166,77.01945001976166,DC043,11.008749084851177,77.02349799707108,FC0139,11.00885480396734,77.01518143249636,FC0102
ZL0322,11.008749084851177,77.02349799707108,FC0139,11.00885480396734,77.01518143249636,FC0102,11.001332109392207,77.01922921457705,FC0103
ZL0323,11.008749084851177,77.02349799707108,FC0139,11.001225911780116,77.0275459691935,DC044,11.001332109392207,77.01922921457705,FC0103
ZL0324,11.001225911780116,77.0275459691935,DC044,10.993808986761325,77.0232769915139,FC0140,11.001332109392207,77.01922921457705,FC0103
ZL0325,10.993808986761325,77.0232769915139,FC0140,11.001332109392207,77.01922921457705,FC0103,10.993915426419857,77.01496084954115,FC0104
ZL0326,10.993808986761325,77.0232769915139,FC0140,10.986392354445671,77.01900843126629,DC045,10.993915426419857,77.01496084954115,FC0104
ZL0327,10.986392354445671,77.01900843126629,DC045,10.993915426419857,77.01496084954115,FC0104,10.986499036289544,77.0106929019495,FC0105
ZL0328,10.986392354445671,77.01900843126629,DC045,10.978976015188552,77.01474028843683,FC0141,10.986499036289544,77.0106929019495,FC0105
ZL0329,10.978976015188552,77.01474028843683,FC0141,10.986499036289544,77.0106929019495,FC0105,10.979082939356571,77.00642537178823,FC0106
ZL0330,10.978976015188552,77.01474028843683,FC0141,10.97155996934529,77.01047256301165,DC046,10.979082939356571,77.00642537178823,FC0106
ZL0331,10.97155996934529,77.01047256301165,DC046,10.979082939356571,77.00642537178823,FC0106,10.971667135976192,77.00215825904341,FC0107
ZL0332,10.97155996934529,77.01047256301165,DC046,10.964144217271073,77.0062052549769,FC0142,10.971667135976192,77.00215825904341,FC0107
ZL0333,10.964144217271073,77.0062052549769,FC0142,10.971667135976192,77.00215825904341,FC0107,10.964251626503534,76.99789156370117,FC0108
ZL0334,10.964144217271073,77.0062052549769,FC0142,10.95672875932097,77.00193836431866,DC047,10.964251626503534,76.99789156370117,FC0108
ZL0335,10.95672875932097,77.00193836431866,DC047,10.964251626503534,76.99789156370117,FC0108,10.956836411293573,76.99362528574757,FC0109
ZL0336,10.95672875932097,77.00193836431866,DC047,10.949313595850022,76.99767189102305,FC0143,10.956836411293573,76.99362528574757,FC0109
ZL0337,10.949313595850022,76.99767189102305,FC0143,10.956836411293573,76.99362528574757,FC0109,10.949421490701244,76.98935942516866,FC0110
ZL0338,10.949313595850022,76.99767189102305,FC0143,10.941898727213113,76.9934058350761,DC048,10.949421490701244,76.98935942516866,FC0110
ZL0339,10.941898727213113,76.9934058350761,DC048,10.942006865081382,76.9850939819505,FC0144,10.949421490701244,76.98935942516866,FC0110
ZL0340,10.942006865081382,76.9850939819505,FC0144,10.949421490701244,76.98935942516866,FC0110,10.949529150184537,76.98104776263769,FC0111
ZL0341,10.942006865081382,76.9850939819505,FC0144,10.942114767734017,76.97678293222928,DC049,10.949529150184537,76.98104776263769,FC0111
ZL0342,10.942114767734017,76.97678293222928,DC049,10.949529150184537,76.98104776263769,FC0111,10.949636574360293,76.97273690366345,FC0112
ZL0343,10.942114767734017,76.97678293222928,DC049,10.94222243523139,76.9684726861457,FC0145,10.949636574360293,76.97273690366345,FC0112
ZL0344,10.94222243523139,76.9684726861457,FC0145,10.949636574360293,76.97273690366345,FC0112,10.949743763289003,76.96442684847908,FC0113
ZL0345,10.94222243523139,76.9684726861457,FC0145,10.942329867633944,76.96016324393275,DC050,10.949743763289003,76.96442684847908,FC0113
ZL0346,10.942329867633944,76.96016324393275,DC050,10.949743763289003,76.96442684847908,FC0113,10.949850717031131,76.95611759731754,FC0114
ZL0347,10.942329867633944,76.96016324393275,DC050,10.942437065002077,76.95185460582334,FC0146,10.949850717031131,76.95611759731754,FC0114
ZL0348,10.942437065002077,76.95185460582334,FC0146,10.949850717031131,76.95611759731754,FC0114,10.949957435647203,76.94780915041164,FC0115
ZL0349,10.942437065002077,76.95185460582334,FC0146,10.94254402739625,76.9435467720501,DC051,10.949957435647203,76.94780915041164,FC0115
ZL0350,10.94254402739625,76.9435467720501,DC051,10.949957435647203,76.94780915041164,FC0115,10.950063919197742,76.93950150799398,FC0116
ZL0351,10.94254402739625,76.9435467720501,DC051,10.94265075487696,76.93523974284557,FC0147,10.950063919197742,76.93950150799398,FC0116
ZL0352,10.94265075487696,76.93523974284557,FC0147,10.950063919197742,76.93950150799398,FC0116,10.950170167743293,76.93119467029697,FC0117
ZL0353,10.94265075487696,76.93523974284557,FC0147,10.942757247504707,76.92693351844203,DC052,10.950170167743293,76.93119467029697,FC0117
ZL0354,10.942757247504707,76.92693351844203,DC052,10.950276181344478,76.92288863755286,FC0148,10.950170167743293,76.93119467029697,FC0117
ZL0355,10.950276181344478,76.92288863755286,FC0148,10.950170167743293,76.93119467029697,FC0117,10.957689153426665,76.92714959348903,FC0118
ZL0356,10.950276181344478,76.92288863755286,FC0148,10.957794687895898,76.91884375248756,DC053,10.957689153426665,76.92714959348903,FC0118
ZL0357,10.957794687895898,76.91884375248756,DC053,10.957689153426665,76.92714959348903,FC0118,10.965207711591463,76.92310451246206,FC0119
ZL0358,10.957794687895898,76.91884375248756,DC053,10.965312766823512,76.91479886328642,FC0149,10.965207711591463,76.92310451246206,FC0119
ZL0359,10.965312766823512,76.91479886328642,FC0149,10.965207711591463,76.92310451246206,FC0119,10.97272584190232,76.91905942725639,FC0120
ZL0360,10.965312766823512,76.91479886328642,FC0149,10.972830417791975,76.91075396998977,DC054,10.97272584190232,76.91905942725639,FC0120
ZL0361,10.972830417791975,76.91075396998977,DC054,10.97272584190232,76.91905942725639,FC0120,10.980243544023848,76.91501433791231,FC0121
ZL0362,10.972830417791975,76.91075396998977,DC054,10.980347640466027,76.90670907263791,FC0150,10.980243544023848,76.91501433791231,FC0121
ZL0363,10.980347640466027,76.90670907263791,FC0150,10.980243544023848,76.91501433791231,FC0121,10.987760817620906,76.91096924447018,FC0122
ZL0364,10.980347640466027,76.90670907263791,FC0150,10.987864434510596,76.90266417127116,DC055,10.987760817620906,76.91096924447018,FC0122
ZL0365,10.987864434510596,76.90266417127116,DC055,10.987760817620906,76.91096924447018,FC0122,10.99527766235831,76.9069241469703,FC0123
ZL0366,10.987864434510596,76.90266417127116,DC055,10.995380799590594,76.89861926592984,FC0151,10.99527766235831,76.9069241469703,FC0123
ZL0367,10.995380799590594,76.89861926592984,FC0151,10.99527766235831,76.9069241469703,FC0123,11.002794077901132,76.90287904545298,FC0124
ZL0368,10.995380799590594,76.89861926592984,FC0151,11.002896735371165,76.89457435665425,DC056,11.002794077901132,76.90287904545298,FC0124
ZL0369,11.002896735371165,76.89457435665425,DC056,11.010310063914433,76.89883393995855,FC0152,11.002794077901132,76.90287904545298,FC0124
ZL0370,11.010310063914433,76.89883393995855,FC0152,11.002794077901132,76.90287904545298,FC0124,11.01020765063807,76.90713924259967,FC0125
ZL0371,11.010310063914433,76.89883393995855,FC0152,11.01772368666794,76.90309394091209,DC057,11.01020765063807,76.90713924259967,FC0125
ZL0372,11.01772368666794,76.90309394091209,DC057,11.01020765063807,76.90713924259967,FC0125,11.01762151744708,76.91139985738418,FC0126
ZL0373,11.01772368666794,76.90309394091209,DC057,11.025137603277308,76.90735435952917,FC0153,11.01762151744708,76.91139985738418,FC0126
ZL0374,11.025137603277308,76.90735435952917,FC0153,11.01762151744708,76.91139985738418,FC0126,11.0250356779736,76.91566088982084,FC0127
ZL0375,11.025137603277308,76.90735435952917,FC0153,11.032551813387991,76.9116151958241,DC058,11.0250356779736,76.91566088982084,FC0127
ZL0376,11.032551813387991,76.9116151958241,DC058,11.0250356779736,76.91566088982084,FC0127,11.032450131863087,76.91992233992391,FC0128
ZL0377,11.032551813387991,76.9116151958241,DC058,11.03996631664537,76.9158764498112,FC0154,11.032450131863087,76.91992233992391,FC0128
ZL0378,11.03996631664537,76.9158764498112,FC0154,11.032450131863087,76.91992233992391,FC0128,11.039864878760822,76.92418420770767,FC0129
ZL0379,11.03996631664537,76.9158764498112,FC0154,11.047381112694746,76.92013812150472,DC059,11.039864878760822,76.92418420770767,FC0129
ZL0380,11.047381112694746,76.92013812150472,DC059,11.039864878760822,76.92418420770767,FC0129,11.047279918311993,76.92844649318631,FC0130
ZL0381,11.047381112694746,76.92013812150472,DC059,11.054796201181272,76.9244002109189,FC0155,11.047279918311993,76.92844649318631,FC0130
ZL0382,11.054796201181272,76.9244002109189,FC0155,11.047279918311993,76.92844649318631,FC0130,11.054695250161714,76.9327091963741,FC0131
ZL0383,11.054796201181272,76.9244002109189,FC0155,11.06221158175005,76.92866271806804,DC060,11.054695250161714,76.9327091963741,FC0131
ZL0384,11.069727481863955,76.92461623552492,FC0209,11.069627254046047,76.93292564296631,FC0156,11.06221158175005,76.92866271806804,DC060
ZL0385,11.069627254046047,76.93292564296631,FC0156,11.06221158175005,76.92866271806804,DC060,11.062110873954976,76.93697231728524,FC0132
ZL0386,11.069627254046047,76.93292564296631,FC0156,11.069526789336667,76.9412358559339,FC0157,11.062110873954976,76.93697231728524,FC0132
ZL0387,11.069526789336667,76.9412358559339,FC0157,11.062110873954976,76.93697231728524,FC0132,11.062009929359368,76.94528272187654,DC037
ZL0388,11.069526789336667,76.9412358559339,FC0157,11.069426087674236,76.94954687419515,FC0158,11.062009929359368,76.94528272187654,DC037
ZL0389,11.069426087674236,76.94954687419515,FC0158,11.062009929359368,76.94528272187654,DC037,11.061908747901702,76.95359393160933,FC0133
ZL0390,11.069426087674236,76.94954687419515,FC0158,11.069325148997184,76.95785869751732,FC0159,11.061908747901702,76.95359393160933,FC0133
ZL0391,11.069325148997184,76.95785869751732,FC0159,11.061908747901702,76.95359393160933,FC0133,11.061807329520501,76.96190594625081,DC038
ZL0392,11.069325148997184,76.95785869751732,FC0159,11.06922397324396,76.96617132566747,FC0160,11.061807329520501,76.96190594625081,DC038
ZL0393,11.06922397324396,76.96617132566747,FC0160,11.061807329520501,76.96190594625081,DC038,11.061705674154277,76.97021876556799,FC0134
ZL0394,11.06922397324396,76.96617132566747,FC0160,11.069122560353048,76.97448475841256,FC0161,11.061705674154277,76.97021876556799,FC0134
ZL0395,11.069122560353048,76.97448475841256,FC0161,11.061705674154277,76.97021876556799,FC0134,11.061603781741594,76.9785323893277,DC039
ZL0396,11.069122560353048,76.97448475841256,FC0161,11.069020910262973,76.98279899551926,FC0162,11.061603781741594,76.9785323893277,DC039
ZL0397,11.069020910262973,76.98279899551926,FC0162,11.061603781741594,76.9785323893277,DC039,11.061501652221017,76.98684681729661,FC0135
ZL0398,11.069020910262973,76.98279899551926,FC0162,11.068919022912231,76.99111403675417,FC0163,11.061501652221017,76.98684681729661,FC0135
ZL0399,11.068919022912231,76.99111403675417,FC0163,11.061501652221017,76.98684681729661,FC0135,11.061399285531193,76.99516204924116,DC040
ZL0400,11.068919022912231,76.99111403675417,FC0163,11.068816898239406,76.99942988188361,FC0164,11.061399285531193,76.99516204924116,DC040
ZL0401,11.068816898239406,76.99942988188361,FC0164,11.061296681610708,77.00347808492769,FC0165,11.061399285531193,76.99516204924116,DC040
ZL0402,11.061296681610708,77.00347808492769,FC0165,11.061399285531193,76.99516204924116,DC040,11.053879117514459,76.99921005682401,FC0136
ZL0403,11.061296681610708,77.00347808492769,FC0165,11.053776034451506,77.0075262829841,FC0166,11.053879117514459,76.99921005682401,FC0136
ZL0404,11.053776034451506,77.0075262829841,FC0166,11.053879117514459,76.99921005682401,FC0136,11.04635851919741,77.00325805946228,DC041
ZL0405,11.053776034451506,77.0075262829841,FC0166,11.046254957097217,77.01157447601247,FC0167,11.04635851919741,77.00325805946228,DC041
ZL0406,11.046254957097217,77.01157447601247,FC0167,11.04635851919741,77.00325805946228,DC041,11.038837490915439,77.00730605711558,FC0137
ZL0407,11.046254957097217,77.01157447601247,FC0167,11.038733449883333,77.01562266397235,FC0168,11.038837490915439,77.00730605711558,FC0137
ZL0408,11.038733449883333,77.01562266397235,FC0168,11.038837490915439,77.00730605711558,FC0137,11.031316033004128,77.01135404974352,DC042
ZL0409,11.038733449883333,77.01562266397235,FC0168,11.031211513145527,77.01967084682333,FC0169,11.031316033004128,77.01135404974352,DC042
ZL0410,11.031211513145527,77.01967084682333,FC0169,11.031316033004128,77.01135404974352,DC042,11.023794145799107,77.01540203730568,FC0138
ZL0411,11.031211513145527,77.01967084682333,FC0169,11.023689147219525,77.02371902452504,FC0170,11.023794145799107,77.01540203730568,FC0138
ZL0412,11.023689147219525,77.02371902452504,FC0170,11.023794145799107,77.01540203730568,FC0138,11.016271829636166,77.01945001976166,DC043
ZL0413,11.023689147219525,77.02371902452504,FC0170,11.016166352441203,77.02776719703705,FC0171,11.016271829636166,77.01945001976166,DC043
ZL0414,11.016166352441203,77.02776719703705,FC0171,11.016271829636166,77.01945001976166,DC043,11.008749084851177,77.02349799707108,FC0139
ZL0415,11.016166352441203,77.02776719703705,FC0171,11.00864312914651,77.03181536431894,FC0172,11.008749084851177,77.02349799707108,FC0139
ZL0416,11.00864312914651,77.03181536431894,FC0172,11.008749084851177,77.02349799707108,FC0139,11.001225911780116,77.0275459691935,DC044
ZL0417,11.00864312914651,77.03181536431894,FC0172,11.001119477671509,77.03586352633035,FC0173,11.001225911780116,77.0275459691935,DC044
ZL0418,11.001119477671509,77.03586352633035,FC0173,10.99370231075907,77.03159393608856,FC0174,11.001225911780116,77.0275459691935,DC044
ZL0419,10.99370231075907,77.03159393608856,FC0174,11.001225911780116,77.0275459691935,DC044,10.993808986761325,77.0232769915139,FC0140
ZL0420,10.99370231075907,77.03159393608856,FC0174,10.986285436410792,77.02732476326646,FC0175,10.993808986761325,77.0232769915139,FC0140
ZL0421,10.986285436410792,77.02732476326646,FC0175,10.993808986761325,77.0232769915139,FC0140,10.986392354445671,77.01900843126629,DC045
ZL0422,10.986285436410792,77.02732476326646,FC0175,10.978868854982183,77.02305600785024,FC0176,10.986392354445671,77.01900843126629,DC045
ZL0423,10.978868854982183,77.02305600785024,FC0176,10.986392354445671,77.01900843126629,DC045,10.978976015188552,77.01474028843683,FC0141
ZL0424,10.978868854982183,77.02305600785024,FC0176,10.9714525668286,77.01878766982608,FC0177,10.978976015188552,77.01474028843683,FC0141
ZL0425,10.9714525668286,77.01878766982608,FC0177,10.978976015188552,77.01474028843683,FC0141,10.97155996934529,77.01047256301165,DC046
ZL0426,10.9714525668286,77.01878766982608,FC0177,10.964036572305366,77.01451974918011,FC0178,10.97155996934529,77.01047256301165,DC046
ZL0427,10.964036572305366,77.01451974918011,FC0178,10.97155996934529,77.01047256301165,DC046,10.964144217271073,77.0062052549769,FC0142
ZL0428,10.964036572305366,77.01451974918011,FC0178,10.95662087176761,77.01025224589847,FC0179,10.964144217271073,77.0062052549769,FC0142
ZL0429,10.95662087176761,77.01025224589847,FC0179,10.964144217271073,77.0062052549769,FC0142,10.95672875932097,77.00193836431866,DC047
ZL0430,10.95662087176761,77.01025224589847,FC0179,10.94920546557048,77.00598515996731,FC0180,10.95672875932097,77.00193836431866,DC047
ZL0431,10.94920546557048,77.00598515996731,FC0180,10.95672875932097,77.00193836431866,DC047,10.949313595850022,76.99767189102305,FC0143
ZL0432,10.94920546557048,77.00598515996731,FC0180,10.941790354068864,77.00171849137271,FC0181,10.949313595850022,76.99767189102305,FC0143
ZL0433,10.941790354068864,77.00171849137271,FC0181,10.949313595850022,76.99767189102305,FC0143,10.941898727213113,76.9934058350761,DC048
ZL0434,10.941790354068864,77.00171849137271,FC0181,10.93437553761772,76.99745224010078,FC0182,10.941898727213113,76.9934058350761,DC048
ZL0435,10.93437553761772,76.99745224010078,FC0182,10.934484153765032,76.9891401964639,FC0183,10.941898727213113,76.9934058350761,DC048
ZL0436,10.934484153765032,76.9891401964639,FC0183,10.941898727213113,76.9934058350761,DC048,10.942006865081382,76.9850939819505,FC0144
ZL0437,10.934484153765032,76.9891401964639,FC0183,10.934592534788667,76.98082895607907,FC0184,10.942006865081382,76.9850939819505,FC0144
ZL0438,10.934592534788667,76.98082895607907,FC0184,10.942006865081382,76.9850939819505,FC0144,10.942114767734017,76.97678293222928,DC049
ZL0439,10.934592534788667,76.98082895607907,FC0184,10.934700680748941,76.9725185191796,FC0185,10.942114767734017,76.97678293222928,DC049
ZL0440,10.934700680748941,76.9725185191796,FC0185,10.942114767734017,76.97678293222928,DC049,10.94222243523139,76.9684726861457,FC0145
ZL0441,10.934700680748941,76.9725185191796,FC0185,10.934808591706167,76.96420888599856,FC0186,10.94222243523139,76.9684726861457,FC0145
ZL0442,10.934808591706167,76.96420888599856,FC0186,10.94222243523139,76.9684726861457,FC0145,10.942329867633944,76.96016324393275,DC050
ZL0443,10.934808591706167,76.96420888599856,FC0186,10.934916267720695,76.9559000567689,FC0187,10.942329867633944,76.96016324393275,DC050
ZL0444,10.934916267720695,76.9559000567689,FC0187,10.942329867633944,76.96016324393275,DC050,10.942437065002077,76.95185460582334,FC0146
ZL0445,10.934916267720695,76.9559000567689,FC0187,10.935023708852933,76.94759203172336,FC0188,10.942437065002077,76.95185460582334,FC0146
ZL0446,10.935023708852933,76.94759203172336,FC0188,10.942437065002077,76.95185460582334,FC0146,10.94254402739625,76.9435467720501,DC051
ZL0447,10.935023708852933,76.94759203172336,FC0188,10.93513091516326,76.93928481109451,FC0189,10.94254402739625,76.9435467720501,DC051
ZL0448,10.93513091516326,76.93928481109451,FC0189,10.94254402739625,76.9435467720501,DC051,10.94265075487696,76.93523974284557,FC0147
ZL0449,10.93513091516326,76.93928481109451,FC0189,10.935237886712141,76.93097839511475,FC0190,10.94265075487696,76.93523974284557,FC0147
ZL0450,10.935237886712141,76.93097839511475,FC0190,10.94265075487696,76.93523974284557,FC0147,10.942757247504707,76.92693351844203,DC052
ZL0451,10.935237886712141,76.93097839511475,FC0190,10.935344623560026,76.92267278401626,FC0191,10.942757247504707,76.92693351844203,DC052
ZL0452,10.935344623560026,76.92267278401626,FC0191,10.942863505340044,76.91862809907163,FC0192,10.942757247504707,76.92693351844203,DC052
ZL0453,10.942863505340044,76.91862809907163,FC0192,10.942757247504707,76.92693351844203,DC052,10.950276181344478,76.92288863755286,FC0148
ZL0454,10.942863505340044,76.91862809907163,FC0192,10.950381960061884,76.91458340999374,FC0193,10.950276181344478,76.92288863755286,FC0148
ZL0455,10.950381960061884,76.91458340999374,FC0193,10.950276181344478,76.92288863755286,FC0148,10.957794687895898,76.91884375248756,DC053
ZL0456,10.950381960061884,76.91458340999374,FC0193,10.957899987390094,76.91053871682287,FC0194,10.957794687895898,76.91884375248756,DC053
ZL0457,10.957899987390094,76.91053871682287,FC0194,10.957794687895898,76.91884375248756,DC053,10.965312766823512,76.91479886328642,FC0149
ZL0458,10.957899987390094,76.91053871682287,FC0194,10.965417586989295,76.90649401959934,FC0195,10.965312766823512,76.91479886328642,FC0149
ZL0459,10.965417586989295,76.90649401959934,FC0195,10.965312766823512,76.91479886328642,FC0149,10.972830417791975,76.91075396998977,DC054
ZL0460,10.965417586989295,76.90649401959934,FC0195,10.972934758524223,76.90244931836347,FC0196,10.972830417791975,76.91075396998977,DC054
ZL0461,10.972934758524223,76.90244931836347,FC0196,10.972830417791975,76.91075396998977,DC054,10.980347640466027,76.90670907263791,FC0150
ZL0462,10.972934758524223,76.90244931836347,FC0196,10.98045150165973,76.89840461315558,FC0197,10.980347640466027,76.90670907263791,FC0150
ZL0463,10.98045150165973,76.89840461315558,FC0197,10.980347640466027,76.90670907263791,FC0150,10.987864434510596,76.90266417127116,DC055
ZL0464,10.98045150165973,76.89840461315558,FC0197,10.987967816060799,76.89435990401593,FC0198,10.987864434510596,76.90266417127116,DC055
ZL0465,10.987967816060799,76.89435990401593,FC0198,10.987864434510596,76.90266417127116,DC055,10.995380799590594,76.89861926592984,FC0151
ZL0466,10.987967816060799,76.89435990401593,FC0198,10.995483701392466,76.89031519098484,FC0199,10.995380799590594,76.89861926592984,FC0151
ZL0467,10.995483701392466,76.89031519098484,FC0199,10.995380799590594,76.89861926592984,FC0151,11.002896735371165,76.89457435665425,DC056
ZL0468,10.995483701392466,76.89031519098484,FC0199,11.002999157319941,76.88627047410262,FC0200,11.002896735371165,76.89457435665425,DC056
ZL0469,11.002999157319941,76.88627047410262,FC0200,11.010412241517486,76.89052944348471,FC0201,11.002896735371165,76.89457435665425,DC056
ZL0470,11.010412241517486,76.89052944348471,FC0201,11.002896735371165,76.89457435665425,DC056,11.010310063914433,76.89883393995855,FC0152
ZL0471,11.010412241517486,76.89052944348471,FC0201,11.01782562006345,76.89478883052733,FC0202,11.010310063914433,76.89883393995855,FC0152
ZL0472,11.01782562006345,76.89478883052733,FC0202,11.010310063914433,76.89883393995855,FC0152,11.01772368666794,76.90309394091209,DC057
ZL0473,11.01782562006345,76.89478883052733,FC0202,11.025239292603503,76.89904863524484,FC0203,11.01772368666794,76.90309394091209,DC057
ZL0474,11.025239292603503,76.89904863524484,FC0203,11.01772368666794,76.90309394091209,DC057,11.025137603277308,76.90735435952917,FC0153
ZL0475,11.025239292603503,76.89904863524484,FC0203,11.032653258783203,76.90330885765162,FC0204,11.025137603277308,76.90735435952917,FC0153
ZL0476,11.032653258783203,76.90330885765162,FC0204,11.025137603277308,76.90735435952917,FC0153,11.032551813387991,76.9116151958241,DC058
ZL0477,11.032653258783203,76.90330885765162,FC0204,11.040067518247998,76.90756949776195,FC0205,11.032551813387991,76.9116151958241,DC058
ZL0478,11.040067518247998,76.90756949776195,FC0205,11.032551813387991,76.9116151958241,DC058,11.03996631664537,76.9158764498112,FC0154
ZL0479,11.040067518247998,76.90756949776195,FC0205,11.047482070643264,76.91183055559017,FC0206,11.03996631664537,76.9158764498112,FC0154
ZL0480,11.047482070643264,76.91183055559017,FC0206,11.03996631664537,76.9158764498112,FC0154,11.047381112694746,76.92013812150472,DC059
ZL0481,11.047482070643264,76.91183055559017,FC0206,11.054896915614258,76.91609203115055,FC0207,11.047381112694746,76.92013812150472,DC059
ZL0482,11.054896915614258,76.91609203115055,FC0207,11.047381112694746,76.92013812150472,DC059,11.054796201181272,76.9244002109189,FC0155
ZL0483,11.054896915614258,76.91609203115055,FC0207,11.062312052806144,76.92035392445739,FC0208,11.054796201181272,76.9244002109189,FC0155
ZL0484,11.062312052806144,76.92035392445739,FC0208,11.054796201181272,76.9244002109189,FC0155,11.06221158175005,76.92866271806804,DC060
ZL0485,11.062312052806144,76.92035392445739,FC0208,11.069727481863955,76.92461623552492,FC0209,11.06221158175005,76.92866271806804,DC060
